metric,current,capacity,%_capacity_covid
clinical_beds,409.0,1732,0.2361431870669746
icu_beds,56.0,283,0.1978798586572438
