metric,current,capacity,%_capacity_covid
clinical_beds,402.0,1732,0.23210161662817552
icu_beds,49.0,283,0.17314487632508835
