metric,current,capacity,%_capacity_covid
clinical_beds,461.0,1732,0.2661662817551963
icu_beds,42.0,283,0.14840989399293286
