metric,current,capacity,%_capacity_covid
clinical_beds,118.0,1732,0.06812933025404157
icu_beds,16.0,283,0.05653710247349823
