metric,current,capacity,%_capacity_covid
clinical_beds,117.0,1732,0.06755196304849885
icu_beds,22.0,283,0.07773851590106007
