metric,current,capacity,%_capacity_covid
clinical_beds,33.0,1732,0.01905311778290993
icu_beds,4.0,283,0.014134275618374558
