metric,current,capacity,%_capacity_covid
clinical_beds,72.0,1732,0.04157043879907621
icu_beds,17.0,283,0.06007067137809187
