metric,current,capacity,%_capacity_covid
clinical_beds,132.0,1732,0.07621247113163972
icu_beds,16.0,283,0.05653710247349823
