metric,current,capacity,%_capacity_covid
clinical_beds,144.0,1732,0.08314087759815242
icu_beds,23.0,283,0.0812720848056537
