metric,current,capacity,%_capacity_covid
clinical_beds,366.0,1732,0.2113163972286374
icu_beds,50.0,283,0.17667844522968199
