metric,current,capacity,%_capacity_covid
clinical_beds,34.0,1732,0.019630484988452657
icu_beds,7.0,283,0.024734982332155476
