metric,current,capacity,%_capacity_covid
clinical_beds,390.0,1732,0.2251732101616628
icu_beds,55.0,283,0.19434628975265017
