metric,current,capacity,%_capacity_covid
clinical_beds,324.0,1732,0.18706697459584296
icu_beds,50.0,283,0.17667844522968199
