metric,current,capacity,%_capacity_covid
clinical_beds,97.0,1732,0.05600461893764434
icu_beds,20.0,283,0.0706713780918728
