metric,current,capacity,%_capacity_covid
clinical_beds,238.0,1732,0.1374133949191686
icu_beds,42.0,283,0.14840989399293286
