metric,current,capacity,%_capacity_covid
clinical_beds,101.0,1732,0.05831408775981524
icu_beds,21.0,283,0.07420494699646643
