metric,current,capacity,%_capacity_covid
clinical_beds,124.0,1732,0.07159353348729793
icu_beds,22.0,283,0.07773851590106007
