metric,current,capacity,%_capacity_covid
clinical_beds,157.0,1732,0.09064665127020785
icu_beds,25.0,283,0.08833922261484099
