metric,current,capacity,%_capacity_covid
clinical_beds,335.0,1732,0.19341801385681293
icu_beds,47.0,283,0.16607773851590105
