metric,current,capacity,%_capacity_covid
clinical_beds,44.0,1732,0.025404157043879907
icu_beds,6.0,283,0.02120141342756184
