metric,current,capacity,%_capacity_covid
clinical_beds,307.0,1732,0.17725173210161663
icu_beds,41.0,283,0.14487632508833923
