metric,current,capacity,%_capacity_covid
clinical_beds,110.0,1732,0.06351039260969978
icu_beds,18.0,283,0.0636042402826855
