metric,current,capacity,%_capacity_covid
clinical_beds,154.0,1732,0.08891454965357967
icu_beds,28.0,283,0.0989399293286219
