metric,current,capacity,%_capacity_covid
clinical_beds,125.0,1732,0.07217090069284064
icu_beds,14.0,283,0.04946996466431095
