metric,current,capacity,%_capacity_covid
clinical_beds,77.0,1732,0.044457274826789836
icu_beds,17.0,283,0.06007067137809187
