metric,current,capacity,%_capacity_covid
clinical_beds,115.0,1732,0.06639722863741339
icu_beds,25.0,283,0.08833922261484099
