metric,current,capacity,%_capacity_covid
clinical_beds,96.0,1732,0.05542725173210162
icu_beds,22.0,283,0.07773851590106007
