metric,current,capacity,%_capacity_covid
clinical_beds,65.0,1732,0.037528868360277134
icu_beds,15.0,283,0.053003533568904596
