metric,current,capacity,%_capacity_covid
clinical_beds,145.0,1732,0.08371824480369515
icu_beds,33.0,283,0.1166077738515901
