metric,current,capacity,%_capacity_covid
clinical_beds,422.0,1732,0.24364896073903003
icu_beds,45.0,283,0.15901060070671377
