metric,current,capacity,%_capacity_covid
clinical_beds,408.0,1732,0.23556581986143188
icu_beds,45.0,283,0.15901060070671377
