metric,current,capacity,%_capacity_covid
clinical_beds,138.0,1732,0.07967667436489607
icu_beds,24.0,283,0.08480565371024736
