metric,current,capacity,%_capacity_covid
clinical_beds,92.0,1732,0.053117782909930716
icu_beds,20.0,283,0.0706713780918728
