metric,current,capacity,%_capacity_covid
clinical_beds,135.0,1732,0.0779445727482679
icu_beds,31.0,283,0.10954063604240283
