metric,current,capacity,%_capacity_covid
clinical_beds,70.0,1732,0.04041570438799076
icu_beds,15.0,283,0.053003533568904596
