metric,current,capacity,%_capacity_covid
clinical_beds,397.0,1732,0.22921478060046188
icu_beds,59.0,283,0.20848056537102475
