metric,current,capacity,%_capacity_covid
clinical_beds,149.0,1732,0.08602771362586605
icu_beds,26.0,283,0.09187279151943463
