metric,current,capacity,%_capacity_covid
clinical_beds,133.0,1732,0.07678983833718245
icu_beds,21.0,283,0.07420494699646643
