metric,current,capacity,%_capacity_covid
clinical_beds,125.0,1732,0.07217090069284064
icu_beds,17.0,283,0.06007067137809187
