metric,current,capacity,%_capacity_covid
clinical_beds,420.0,1732,0.24249422632794457
icu_beds,55.0,283,0.19434628975265017
