metric,current,capacity,%_capacity_covid
clinical_beds,103.0,1732,0.059468822170900694
icu_beds,19.0,283,0.06713780918727916
