metric,current,capacity,%_capacity_covid
clinical_beds,71.0,1732,0.040993071593533485
icu_beds,17.0,283,0.06007067137809187
