metric,current,capacity,%_capacity_covid
clinical_beds,134.0,1732,0.07736720554272518
icu_beds,13.0,283,0.045936395759717315
