metric,current,capacity,%_capacity_covid
clinical_beds,126.0,1732,0.07274826789838337
icu_beds,16.0,283,0.05653710247349823
