metric,current,capacity,%_capacity_covid
clinical_beds,150.0,1732,0.08660508083140878
icu_beds,32.0,283,0.11307420494699646
