metric,current,capacity,%_capacity_covid
clinical_beds,104.0,1732,0.06004618937644342
icu_beds,17.0,283,0.06007067137809187
