metric,current,capacity,%_capacity_covid
clinical_beds,459.0,1732,0.26501154734411086
icu_beds,56.0,283,0.1978798586572438
