metric,current,capacity,%_capacity_covid
clinical_beds,412.0,1732,0.23787528868360278
icu_beds,54.0,283,0.19081272084805653
