metric,current,capacity,%_capacity_covid
clinical_beds,98.0,1732,0.05658198614318707
icu_beds,17.0,283,0.06007067137809187
