metric,current,capacity,%_capacity_covid
clinical_beds,384.0,1732,0.22170900692840648
icu_beds,51.0,283,0.18021201413427562
