metric,current,capacity,%_capacity_covid
clinical_beds,316.0,1732,0.18244803695150116
icu_beds,47.0,283,0.16607773851590105
