metric,current,capacity,%_capacity_covid
clinical_beds,168.0,1732,0.09699769053117784
icu_beds,32.0,283,0.11307420494699646
