metric,current,capacity,%_capacity_covid
clinical_beds,177.0,1732,0.10219399538106236
icu_beds,29.0,283,0.10247349823321555
