metric,current,capacity,%_capacity_covid
clinical_beds,140.0,1732,0.08083140877598152
icu_beds,23.0,283,0.0812720848056537
