metric,current,capacity,%_capacity_covid
clinical_beds,222.0,1732,0.12817551963048499
icu_beds,39.0,283,0.13780918727915195
