metric,current,capacity,%_capacity_covid
clinical_beds,399.0,1732,0.23036951501154734
icu_beds,47.0,283,0.16607773851590105
