metric,current,capacity,%_capacity_covid
clinical_beds,129.0,1732,0.07448036951501155
icu_beds,18.0,283,0.0636042402826855
