metric,current,capacity,%_capacity_covid
clinical_beds,444.0,1732,0.25635103926096997
icu_beds,43.0,283,0.1519434628975265
