metric,current,capacity,%_capacity_covid
clinical_beds,153.0,1732,0.08833718244803695
icu_beds,30.0,283,0.10600706713780919
