metric,current,capacity,%_capacity_covid
clinical_beds,466.0,1732,0.2690531177829099
icu_beds,48.0,283,0.1696113074204947
