metric,current,capacity,%_capacity_covid
clinical_beds,130.0,1732,0.07505773672055427
icu_beds,17.0,283,0.06007067137809187
