metric,current,capacity,%_capacity_covid
clinical_beds,148.0,1732,0.08545034642032333
icu_beds,23.0,283,0.0812720848056537
