metric,current,capacity,%_capacity_covid
clinical_beds,426.0,1732,0.24595842956120093
icu_beds,61.0,283,0.21554770318021202
