metric,current,capacity,%_capacity_covid
clinical_beds,141.0,1732,0.08140877598152425
icu_beds,25.0,283,0.08833922261484099
