metric,current,capacity,%_capacity_covid
clinical_beds,163.0,1732,0.09411085450346421
icu_beds,34.0,283,0.12014134275618374
