metric,current,capacity,%_capacity_covid
clinical_beds,136.0,1732,0.07852193995381063
icu_beds,27.0,283,0.09540636042402827
