metric,current,capacity,%_capacity_covid
clinical_beds,142.0,1732,0.08198614318706697
icu_beds,21.0,283,0.07420494699646643
