metric,current,capacity,%_capacity_covid
clinical_beds,298.0,1732,0.1720554272517321
icu_beds,42.0,283,0.14840989399293286
