metric,current,capacity,%_capacity_covid
clinical_beds,170.0,1732,0.09815242494226328
icu_beds,32.0,283,0.11307420494699646
