metric,current,capacity,%_capacity_covid
clinical_beds,442.0,1732,0.25519630484988454
icu_beds,49.0,283,0.17314487632508835
