metric,current,capacity,%_capacity_covid
clinical_beds,455.0,1732,0.26270207852193994
icu_beds,53.0,283,0.1872791519434629
