metric,current,capacity,%_capacity_covid
clinical_beds,168.0,1732,0.09699769053117784
icu_beds,34.0,283,0.12014134275618374
