metric,current,capacity,%_capacity_covid
clinical_beds,43.0,1732,0.024826789838337183
icu_beds,5.0,283,0.0176678445229682
