metric,current,capacity,%_capacity_covid
clinical_beds,409.0,1732,0.2361431870669746
icu_beds,45.0,283,0.15901060070671377
