metric,current,capacity,%_capacity_covid
clinical_beds,180.0,1732,0.10392609699769054
icu_beds,32.0,283,0.11307420494699646
