metric,current,capacity,%_capacity_covid
clinical_beds,405.0,1732,0.2338337182448037
icu_beds,59.0,283,0.20848056537102475
