metric,current,capacity,%_capacity_covid
clinical_beds,415.0,1732,0.23960739030023095
icu_beds,53.0,283,0.1872791519434629
