metric,current,capacity,%_capacity_covid
clinical_beds,379.0,1732,0.21882217090069284
icu_beds,48.0,283,0.1696113074204947
