metric,current,capacity,%_capacity_covid
clinical_beds,134.0,1732,0.07736720554272518
icu_beds,28.0,283,0.0989399293286219
