metric,current,capacity,%_capacity_covid
clinical_beds,37.0,1732,0.021362586605080832
icu_beds,5.0,283,0.0176678445229682
