metric,current,capacity,%_capacity_covid
clinical_beds,143.0,1732,0.0825635103926097
icu_beds,30.0,283,0.10600706713780919
