metric,current,capacity,%_capacity_covid
clinical_beds,147.0,1732,0.0848729792147806
icu_beds,23.0,283,0.0812720848056537
