positions short staffed,homes short staffed,% short staffed
0,53,0.726027397260274
1,5,0.0684931506849315
2,9,0.1232876712328767
3,4,0.0547945205479452
4,2,0.0273972602739726
