positions short staffed,homes short staffed,% short staffed
0,55,0.7534246575342466
1,5,0.0684931506849315
2,8,0.1095890410958904
3,3,0.0410958904109589
4,2,0.0273972602739726
