positions short staffed,homes short staffed,% short staffed
0,56,0.7671232876712328
1,3,0.0410958904109589
2,8,0.1095890410958904
3,4,0.0547945205479452
4,2,0.0273972602739726
