positions short staffed,homes short staffed,% short staffed
0,59,0.7564102564102564
1,2,0.02564102564102564
2,8,0.10256410256410256
3,5,0.0641025641025641
4,4,0.05128205128205128
