positions short staffed,homes short staffed,% short staffed
0,48,0.7272727272727273
1,4,0.06060606060606061
2,7,0.10606060606060606
3,6,0.09090909090909091
4,1,0.015151515151515152
