positions short staffed,homes short staffed,% short staffed
0,57,0.76
1,6,0.08
2,7,0.09333333333333334
3,4,0.05333333333333334
4,1,0.013333333333333334
