positions short staffed,homes short staffed,% short staffed
0,54,0.7397260273972602
1,8,0.1095890410958904
2,7,0.0958904109589041
3,3,0.0410958904109589
4,1,0.0136986301369863
