positions short staffed,homes short staffed,% short staffed
0,59,0.7662337662337663
1,4,0.05194805194805195
2,8,0.1038961038961039
3,4,0.05194805194805195
4,2,0.025974025974025976
