positions short staffed,homes short staffed,% short staffed
0,54,0.7605633802816901
1,4,0.056338028169014086
2,6,0.08450704225352113
3,5,0.07042253521126761
4,2,0.028169014084507043
