positions short staffed,homes short staffed,% short staffed
0,52,0.7536231884057971
1,3,0.043478260869565216
2,8,0.11594202898550725
3,4,0.057971014492753624
4,2,0.028985507246376812
