positions short staffed,homes short staffed,% short staffed
0,53,0.7464788732394366
1,3,0.04225352112676056
2,9,0.1267605633802817
3,4,0.056338028169014086
4,2,0.028169014084507043
