positions short staffed,homes short staffed,% short staffed
0,58,0.7733333333333333
1,4,0.05333333333333334
2,8,0.10666666666666667
3,3,0.04
4,2,0.02666666666666667
