positions short staffed,homes short staffed,% short staffed
0,57,0.7702702702702703
1,5,0.06756756756756757
2,6,0.08108108108108109
3,4,0.05405405405405406
4,2,0.02702702702702703
