positions short staffed,homes short staffed,% short staffed
0,57,0.76
1,5,0.06666666666666667
2,7,0.09333333333333334
3,4,0.05333333333333334
4,2,0.02666666666666667
