,positions short staffed,homes short staffed,% short staffed
0,0,54,0.7012987012987013
3,1,6,0.07792207792207792
1,2,7,0.09090909090909091
2,3,6,0.07792207792207792
4,4,4,0.05194805194805195
