positions short staffed,homes short staffed,% short staffed
0,49,0.7205882352941176
1,6,0.08823529411764706
2,8,0.11764705882352941
3,2,0.029411764705882353
4,3,0.04411764705882353
