positions short staffed,homes short staffed,% short staffed
0,55,0.7333333333333333
1,3,0.04
2,9,0.12
3,3,0.04
4,5,0.06666666666666667
