positions short staffed,homes short staffed,% short staffed
0,55,0.7432432432432432
1,6,0.08108108108108109
2,6,0.08108108108108109
3,5,0.06756756756756757
4,2,0.02702702702702703
