positions short staffed,homes short staffed,% short staffed
0,55,0.7534246575342466
1,5,0.0684931506849315
2,8,0.1095890410958904
3,4,0.0547945205479452
4,1,0.0136986301369863
