positions short staffed,homes short staffed,% short staffed
0,54,0.75
1,5,0.06944444444444445
2,6,0.08333333333333333
3,5,0.06944444444444445
4,2,0.027777777777777776
