positions short staffed,homes short staffed,% short staffed
0,56,0.7368421052631579
1,4,0.05263157894736842
2,8,0.10526315789473684
3,5,0.06578947368421052
4,3,0.039473684210526314
