positions short staffed,homes short staffed,% short staffed
0,52,0.7647058823529411
1,3,0.04411764705882353
2,5,0.07352941176470588
3,5,0.07352941176470588
4,3,0.04411764705882353
