positions short staffed,homes short staffed,% short staffed
0,53,0.7361111111111112
1,4,0.05555555555555555
2,8,0.1111111111111111
3,5,0.06944444444444445
4,2,0.027777777777777776
