positions short staffed,homes short staffed,% short staffed
0,56,0.7671232876712328
1,4,0.0547945205479452
2,9,0.1232876712328767
3,2,0.0273972602739726
4,2,0.0273972602739726
